{
  "backend/main.mo": "Motoko canister managing user profiles and player progress with access control, including saving profiles, updating level progress, and querying progress and leaderboards.",
  "feature_evidence.json": "Feature evidence report documenting the implementation of a Progress Map UI feature, listing related frontend files, components, test IDs, and confidence levels.",
  "frontend-file-summaries.txt": "Prewritten summaries describing key frontend files, especially gameplay levels, the Progress Map screen, app navigation, and world selection updates.",
  "frontend/index.css": "Global Tailwind CSS setup defining design tokens, color variables for light and dark themes, and base styles for the application.",
  "frontend/index.html": "Root HTML entry point that sets metadata and mounts the React application into the #root element.",
  "frontend/src/App.tsx": "Main React application component handling screen navigation, game flow state, intro logic, audio initialization, and integration of the Progress Map screen.",
  "frontend/src/audio/useAudioManager.ts": "React hook that initializes and manages background music and sound effects playback, syncing volumes and enabled states with user audio settings.",
  "frontend/src/audio/useAudioSettings.ts": "React hook that stores, loads, and updates persistent audio settings (music/SFX enablement and volume) using localStorage.",
  "frontend/src/auth/LoginButton.tsx": "Authentication button component that handles Internet Identity login/logout and clears cached queries on logout.",
  "frontend/src/auth/ProfileGate.tsx": "Wrapper component that blocks gameplay until an authenticated user has created a profile, prompting for and saving a player name.",
  "frontend/src/game/content/dialogs.ts": "Static content defining NPC dialog, story prompts, and positive values for each themed game world.",
  "frontend/src/game/content/safetyCopy.ts": "Centralized collection of kid-friendly feedback messages for success, retries, hints, confirmations, and level completion.",
  "frontend/src/game/content/worlds.ts": "Defines TypeScript interfaces for worlds and levels and exports a static list of themed worlds, each with metadata and an ordered set of level descriptors.",
  "frontend/src/game/levels/CountingObjectsLevel.tsx": "Implements a counting mini-game where players count displayed emoji objects across multiple rounds, earning stars and optional badges based on accuracy and time.",
  "frontend/src/game/levels/GentlePlatformStarsLevel.tsx": "Implements a gentle canvas-based platformer where the player jumps between platforms to collect stars, with keyboard and click controls and star-based completion scoring.",
  "frontend/src/game/levels/MatchingItemsLevel.tsx": "Implements a classic matching-pairs game using emoji cards, tracking attempts, time, stars earned, and awarding a badge for high performance.",
  "frontend/src/game/levels/MemoryFlipCardsLevel.tsx": "Implements a memory flip-card matching game with move tracking, star ratings, optional badges, and audio feedback.",
  "frontend/src/game/levels/PathGridLevel.tsx": "Implements a grid-based pathfinding puzzle where the player moves to a goal cell using keyboard, click, or touch controls, earning stars based on move count.",
  "frontend/src/game/levels/registry.ts": "Registers all game levels by ID, mapping them to names, types, and React components, and exposes a lookup function to retrieve level definitions.",
  "frontend/src/game/rewards/badges.ts": "Defines the Badge interface, a static list of all game badges, and logic to check whether a badge is earned based on gameplay context such as level type, stars, time, or totals.",
  "frontend/src/game/ui/ControlsHelpPanel.tsx": "React UI component that displays keyboard, mouse, and touch controls tailored to the current level type using a styled card.",
  "frontend/src/hooks/useActor.ts": "Custom hook that creates and caches a backend actor based on the user’s Internet Identity, initializing access control and invalidating dependent React Query caches when the actor changes.",
  "frontend/src/hooks/useInternetIdentity.ts": "Provides a React context and hooks to manage Internet Identity authentication, including login, logout, identity persistence, and detailed login status flags.",
  "frontend/src/hooks/useQueries.ts": "Collection of React Query hooks wrapping backend actor calls for user profile, progress, levels, badges, and mutations with automatic cache invalidation.",
  "frontend/src/index.css": "Tailwind CSS base stylesheet defining a bright, kid-friendly theme with CSS variables, dark mode overrides, global styles, and custom animation utilities for game effects.",
  "frontend/src/main.tsx": "Frontend entry point that initializes React, wraps the app with React Query and Internet Identity providers, and mounts the root component.",
  "frontend/src/progress/localProgressStore.ts": "Utility module for storing, loading, and resetting player progress and badges in localStorage for guest users.",
  "frontend/src/progress/useProgressSync.ts": "Hook that synchronizes player progress between localStorage and the backend based on authentication state, handling level completion, badge updates, and resets with optimistic local updates.",
  "frontend/src/screens/CollectionScreen.tsx": "Renders a \"My Collection\" screen showing overall progress, total stars, completed levels, earned badges, and per-world stats based on LocalProgress. Provides navigation back and visual progress indicators using cards, badges, tabs, and progress bars.",
  "frontend/src/screens/GameplayScreen.tsx": "Hosts the active gameplay experience for a selected level, including HUD, controls help, audio effects, star collection tracking, and restart/back actions. Handles level completion by saving progress and displaying the ResultsOverlay.",
  "frontend/src/screens/LevelSelectScreen.tsx": "Displays a grid of levels for a selected world, showing lock state, completion status, and earned stars based on progress. Enforces sequential unlocking and allows navigation back to the world selection.",
  "frontend/src/screens/ProgressMapScreen.tsx": "Shows a progress overview across all worlds, calculating earned, missing, and maximum stars per world and overall. Visualizes completion using cards, badges, and progress bars with a themed background.",
  "frontend/src/screens/ResultsOverlay.tsx": "Modal dialog shown after completing a level, summarizing stars earned, completion time, and newly unlocked badges. Provides celebratory visuals and a continue action.",
  "frontend/src/screens/SettingsScreen.tsx": "Settings screen for managing audio preferences (music and SFX toggles and volumes), authentication access, and progress reset. Uses shared audio and progress hooks and provides navigation back.",
  "frontend/src/screens/TitleScreen.tsx": "Renders the game's animated title screen with background art, title text, and primary navigation buttons to start the game, open the collection, or open settings.",
  "frontend/src/screens/WorldIntroDialog.tsx": "Displays a modal dialog introducing a selected world, showing its theme, NPC dialog, story context, and a button to continue into gameplay.",
  "frontend/src/screens/WorldSelectScreen.tsx": "Implements the world selection screen with progress-aware world cards, star totals, and navigation controls for settings, collection, progress map, and returning to the title.",
  "frontend/src/story/IntroSequence.tsx": "Shows a multi-slide introductory story sequence with skip and next controls, guiding the player into the game narrative before starting the adventure.",
  "frontend/src/utils/urlParams.ts": "Provides utility functions for reading URL parameters, persisting them in sessionStorage, and managing parameters across query strings and hash-based routing.",
  "frontend/tailwind.config.js": "Configures Tailwind CSS with custom themes, colors, animations, fonts, plugins, and design tokens tailored to the game's visual style.",
  "project_state.json": "High-level project state descriptor defining schema/version and summarizing an ICP canister-based kid-friendly mini-game app, along with a catalog of implemented features spanning Motoko backend auth, Internet Identity login, frontend-backend integration, multi-screen UI flow, game content, rewards, progress sync, and audio/settings."
}