{
  "kind": "build_request",
  "title": "Add a simple world progress map with completed worlds and missing magic stars",
  "priority": "normal",
  "requirements": [
    {
      "id": "REQ-1",
      "text": "Add a new “Progress Map” view that visually shows each world’s completion status and how many magic stars are still missing per world, using the existing player progress data already passed into the app screens.",
      "target": "frontend",
      "source": {
        "messageIds": [
          "msg-3",
          "msg-4"
        ],
        "quotes": [
          "Would you like to add a simple progress map that shows kids which worlds they’ve completed and which magic stars are still missing?",
          "Yes"
        ]
      },
      "acceptanceCriteria": [
        "From the World Select experience, the user can open a “Progress Map” view without losing their current progress state",
        "For each world, the map clearly indicates whether the world is complete (all levels in the world completed)",
        "For each world, the map displays the number of missing magic stars computed from existing progress (missing = maxStarsForWorld - earnedStarsForWorld, where maxStarsForWorld = numberOfLevelsInWorld * 3)",
        "The map renders correctly for guests (local progress) and logged-in users (synced progress) using the existing `progress: LocalProgress | null` data flow",
        "User-facing text on the map is in English"
      ]
    },
    {
      "id": "REQ-2",
      "text": "Implement the Progress Map UI using existing bundled generated art assets, including the magic stars image, and ensure the map is responsive (mobile and desktop) and consistent with the current kid-friendly UI styling.",
      "target": "frontend",
      "source": {
        "messageIds": [
          "msg-3",
          "msg-4"
        ],
        "quotes": [
          "Would you like to add a simple progress map that shows kids which worlds they’ve completed and which magic stars are still missing?",
          "Yes"
        ]
      },
      "acceptanceCriteria": [
        "The Progress Map uses the existing magic stars asset (`frontend/public/assets/generated/magic-stars.dim_512x512.png`) as part of its visual language (e.g., as an icon/decoration next to star counts)",
        "The map layout adapts to small screens (no horizontal overflow; content remains readable and tappable)",
        "The map view does not require any backend changes and does not introduce new API calls beyond existing progress hooks/props"
      ]
    }
  ],
  "constraints": [
    "Do not modify files under `frontend/src/components/ui` (shadcn/ui). Compose these components instead.",
    "Do not modify the immutable frontend hook files: `frontend/src/hooks/useInternetIdentity.ts`, `frontend/src/hooks/useInternetIdentity.tsx`, `frontend/src/hooks/useActor.ts`, `frontend/src/main.tsx`.",
    "Keep the backend as a single Motoko actor; no new backend canisters or external services."
  ],
  "nonGoals": [
    "Do not add real-time/multiplayer features (no WebSockets, chat, or live presence).",
    "Do not change authentication providers (Internet Identity remains the only auth method).",
    "Do not redesign existing level gameplay or scoring rules beyond calculating per-world missing stars from existing star totals."
  ],
  "imageRequirements": {
    "required": [],
    "edits": []
  }
}