{
  "kind": "coverage_report",
  "version": "1.0",
  "generatedAt": "2026-02-04T05:43:08.356Z",
  "sources": {
    "buildRequest": true,
    "implementationPlan": true
  },
  "requirements": {
    "total": 2,
    "implemented": 2,
    "items": [
      {
        "id": "REQ-1",
        "summary": "Add a new “Progress Map” view that visually shows each world’s completion status and how many magic stars are still missing per world, using the existing player progress data already passed into the app screens.",
        "status": "implemented",
        "plannedFiles": [
          "frontend/src/screens/ProgressMapScreen.tsx",
          "frontend/src/App.tsx",
          "frontend/src/screens/WorldSelectScreen.tsx"
        ],
        "matchedFiles": [
          "frontend/src/screens/ProgressMapScreen.tsx",
          "frontend/src/App.tsx",
          "frontend/src/screens/WorldSelectScreen.tsx"
        ]
      },
      {
        "id": "REQ-2",
        "summary": "Implement the Progress Map UI using existing bundled generated art assets, including the magic stars image, and ensure the map is responsive (mobile and desktop) and consistent with the current kid-friendly UI styling.",
        "status": "implemented",
        "plannedFiles": [
          "frontend/src/screens/ProgressMapScreen.tsx",
          "frontend/src/screens/WorldSelectScreen.tsx"
        ],
        "matchedFiles": [
          "frontend/src/screens/ProgressMapScreen.tsx",
          "frontend/src/screens/WorldSelectScreen.tsx"
        ]
      }
    ]
  },
  "changedFiles": [
    "build-request.json",
    "build-template/README.md",
    "feature_evidence.json",
    "frontend-file-summaries.txt",
    "frontend-implementation-plan.json",
    "frontend/src/App.tsx",
    "frontend/src/screens/ProgressMapScreen.tsx",
    "frontend/src/screens/WorldSelectScreen.tsx",
    "project_state.json",
    "scratch/component-selection.json",
    "spec.md",
    "spec_vs_diff_report.json"
  ]
}