{
  "kind": "implementation_plan",
  "version": "1.0",
  "title": "Progress Map view for per-world completion and missing magic stars",
  "requirements": [
    {
      "id": "REQ-1",
      "summary": "Add a Progress Map view that reads existing LocalProgress and shows per-world completion plus missing magic stars without disrupting the current World Select flow.",
      "acceptanceCriteria": [
        "From the World Select experience, the user can open a “Progress Map” view without losing their current progress state",
        "For each world, the map clearly indicates whether the world is complete (all levels in the world completed)",
        "For each world, the map displays the number of missing magic stars computed from existing progress (missing = maxStarsForWorld - earnedStarsForWorld, where maxStarsForWorld = numberOfLevelsInWorld * 3)",
        "The map renders correctly for guests (local progress) and logged-in users (synced progress) using the existing `progress: LocalProgress | null` data flow",
        "User-facing text on the map is in English"
      ],
      "file_operations": [
        {
          "path": "frontend/src/screens/ProgressMapScreen.tsx",
          "operation": "create",
          "description": "Create the new Progress Map screen component that accepts `progress: LocalProgress | null` and derives, for each world in `worlds`, (1) completion status based on all world levels being present in `progress.completedLevels`, (2) earnedStars sum across the world, (3) maxStars = world.levels.length * 3, and (4) missingStars = maxStars - earnedStars (clamped at 0). Render a clear per-world summary and a back action to return to World Select."
        },
        {
          "path": "frontend/src/App.tsx",
          "operation": "modify",
          "description": "Wire the Progress Map screen into the app’s existing screen navigation by extending `GameScreen` with a `progressMap` state, adding open/close handlers, rendering `ProgressMapScreen` with the existing `progress` prop, and ensuring returning to World Select preserves the current in-memory progress state."
        },
        {
          "path": "frontend/src/screens/WorldSelectScreen.tsx",
          "operation": "modify",
          "description": "Add a new World Select action (e.g., a button in the header actions row) to open the Progress Map view via a new `onOpenProgressMap` prop, ensuring it does not reset/alter `progress` and does not change world selection state until the user explicitly selects a world."
        }
      ]
    },
    {
      "id": "REQ-2",
      "summary": "Implement a responsive, kid-friendly Progress Map UI that uses the existing magic stars generated asset and relies only on existing progress props/hooks (no new API calls).",
      "acceptanceCriteria": [
        "The Progress Map uses the existing magic stars asset (`frontend/public/assets/generated/magic-stars.dim_512x512.png`) as part of its visual language (e.g., as an icon/decoration next to star counts)",
        "The map layout adapts to small screens (no horizontal overflow; content remains readable and tappable)",
        "The map view does not require any backend changes and does not introduce new API calls beyond existing progress hooks/props"
      ],
      "file_operations": [
        {
          "path": "frontend/src/screens/ProgressMapScreen.tsx",
          "operation": "modify",
          "description": "Implement the responsive layout and kid-friendly styling using composed shadcn/ui components (e.g., Card/Badge/Button/Progress) without modifying any files under `frontend/src/components/ui`. Include the magic stars image as a static UI element using the exact asset path `frontend/public/assets/generated/magic-stars.dim_512x512.png` (Verify the component's usage instructions before implementing.) Ensure mobile-friendly stacking/spacing, no horizontal overflow, and tappable targets on small screens, while keeping all user-facing text in English."
        },
        {
          "path": "frontend/src/screens/WorldSelectScreen.tsx",
          "operation": "modify",
          "description": "Ensure the new Progress Map entry point matches existing kid-friendly styling (using composed shadcn/ui components and existing Tailwind tokens) and remains responsive alongside existing header controls; do not add any new progress-fetching logic or network calls."
        }
      ]
    }
  ]
}