{
  "kind": "spec_vs_diff_report",
  "version": "1.0",
  "generatedAt": "2026-02-04T05:43:08.319Z",
  "summary": "Diff adds a new Progress Map screen, wires it into App screen navigation, and adds a Progress Map entry point from the World Select screen. The Progress Map computes per-world completion and missing stars from existing progress data and uses the specified magic-stars asset. No backend changes are shown.",
  "missing_requirements": [],
  "hallucinated_features": [],
  "confidence": 0.74,
  "changed_files": [
    "frontend-file-summaries.txt",
    "frontend/src/App.tsx",
    "frontend/src/screens/ProgressMapScreen.tsx",
    "frontend/src/screens/WorldSelectScreen.tsx",
    "project_state.json"
  ]
}